{"acc": 0.9877839360357662, "loss": 0.03636484066005807}